firstName,lastName,email,password,role,job_role,status,modules
Kelvin,Jacobson,kelvin.jacobson1@prolianceltd.com,qwertyqwerty,learner,staff,active,
Sofia,Kunze,sofia.kunze2@prolianceltd.com,qwertyqwerty,learner,staff,active,
Ismael,Hermann,ismael.hermann3@prolianceltd.com,qwertyqwerty,learner,staff,active,
Antonio,Nitzsche,antonio.nitzsche4@prolianceltd.com,qwertyqwerty,learner,staff,active,
Maribel,Bogan,maribel.bogan5@prolianceltd.com,qwertyqwerty,learner,staff,active,
Maeve,Lubowitz,maeve.lubowitz6@prolianceltd.com,qwertyqwerty,learner,staff,active,
Mariela,Effertz,mariela.effertz7@prolianceltd.com,qwertyqwerty,learner,staff,active,
Yvette,Ullrich,yvette.ullrich8@prolianceltd.com,qwertyqwerty,learner,staff,active,
Thea,Bosco,thea.bosco9@prolianceltd.com,qwertyqwerty,learner,staff,active,
Moises,Swift,moises.swift10@prolianceltd.com,qwertyqwerty,learner,staff,active,